{
    "metadata": {
        "generator": "io_three",
        "normals": 8,
        "version": 3,
        "uvs": 2,
        "vertices": 16,
        "faces": 21,
        "materials": 1,
        "type": "Geometry"
    },
    "faces": [43,1,0,8,9,0,0,1,2,3,0,1,2,3,0,1,1,0,43,0,7,15,8,0,1,4,5,2,1,4,5,2,1,2,2,1,43,6,5,13,14,0,6,7,8,9,6,7,8,9,3,4,4,3,43,4,3,11,12,0,10,11,12,13,10,11,12,13,5,6,6,5,43,2,1,9,10,0,14,0,3,15,14,0,3,15,7,0,0,7,43,7,6,14,15,0,4,16,17,5,4,16,17,5,2,3,3,2,43,5,4,12,13,0,7,10,13,8,7,10,13,8,4,5,5,4,43,3,2,10,11,0,11,14,15,12,11,14,15,12,6,7,7,6],
    "uvs": [[0.8101485967636108,0.07533671706914902,0.793678879737854,0.0799003392457962,0.7677668333053589,0.01114510465413332,0.7969793677330017,0.00305056176148355,0.7782937288284302,0.08734199404716492,0.7404780983924866,0.02434437908232212,0.8898476362228394,0.09742064028978348,0.8760455250740051,0.08734197914600372,0.9138610363006592,0.024344420060515404,0.9383420944213867,0.04222099110484123,0.8606603741645813,0.079900361597538,0.8441906571388245,0.0753367468714714,0.8573598265647888,0.003050603438168764,0.8865724205970764,0.011145146563649178,0.8271695971488953,0.07379892468452454,0.8271695971488953,0.0003229814174119383,0.7644914388656616,0.09742066264152527,0.715997040271759,0.042220886796712875],[0.8101485967636108,0.07533671706914902,0.793678879737854,0.0799003392457962,0.7677668333053589,0.01114510465413332,0.7969793677330017,0.00305056176148355,0.7782937288284302,0.08734199404716492,0.7404780983924866,0.02434437908232212,0.8898476362228394,0.09742064028978348,0.8760455250740051,0.08734197914600372,0.9138610363006592,0.024344420060515404,0.9383420944213867,0.04222099110484123,0.8606603741645813,0.079900361597538,0.8441906571388245,0.0753367468714714,0.8573598265647888,0.003050603438168764,0.8865724205970764,0.011145146563649178,0.8271695971488953,0.07379892468452454,0.8271695971488953,0.0003229814174119383,0.7644914388656616,0.09742066264152527,0.715997040271759,0.042220886796712875]],
    "normals": [-0.6872768402099609,0.23511460423469543,-0.6872768402099609,0.0,0.23511460423469543,-0.9719535112380981,0.6872768402099609,0.23511460423469543,-0.6872768402099609,0.9719535112380981,0.23511460423469543,0.0,0.6872768402099609,0.23511460423469543,0.6872768402099609,0.0,0.23511460423469543,0.9719535112380981,-0.6872768402099609,0.23511460423469543,0.6872768402099609,-0.9719535112380981,0.23511460423469543,0.0],
    "vertices": [-2.7386064529418945,3.577272891998291,-2.8454551696777344,-2.930654764175415,3.577272891998291,-2.7659058570861816,-3.0102038383483887,3.57727313041687,-2.573857307434082,-2.930655002593994,3.57727313041687,-2.3818089962005615,-2.7386059761047363,3.57727313041687,-2.302259922027588,-2.546557903289795,3.57727313041687,-2.3818092346191406,-2.467008590698242,3.57727313041687,-2.573857307434082,-2.546557903289795,3.577272891998291,-2.7659058570861816,-2.7386064529418945,2.7086329460144043,-3.055591344833374,-3.0792436599731445,2.7086329460144043,-2.914494752883911,-3.2203402519226074,2.7086331844329834,-2.573857307434082,-3.0792436599731445,2.7086331844329834,-2.233220100402832,-2.7386062145233154,2.7086331844329834,-2.09212327003479,-2.3979687690734863,2.7086331844329834,-2.233219861984253,-2.2568721771240234,2.7086331844329834,-2.573857545852661,-2.3979687690734863,2.7086329460144043,-2.914494514465332],
    "materials": [{
        "DbgName": "couch_zexture",
        "depthTest": true,
        "visible": true,
        "mapDiffuseRepeat": [1,1],
        "DbgIndex": 0,
        "wireframe": false,
        "transparent": false,
        "mapDiffuseAnisotropy": 1.0,
        "shading": "lambert",
        "DbgColor": 15658734,
        "colorEmissive": [0.0,0.0,0.0],
        "opacity": 0.0,
        "depthWrite": true,
        "blending": "NormalBlending",
        "mapDiffuseWrap": ["RepeatWrapping","RepeatWrapping"],
        "colorDiffuse": [0.6400000190734865,0.6400000190734865,0.6400000190734865],
        "colorAmbient": [0.6400000190734865,0.6400000190734865,0.6400000190734865],
        "mapDiffuse": "couch_texture_2.jpg"
    }],
    "name": "Cube.003Geometry"
}