{
    "metadata": {
        "generator": "io_three",
        "normals": 1,
        "version": 3,
        "uvs": 2,
        "vertices": 4,
        "faces": 2,
        "materials": 1,
        "type": "Geometry"
    },
    "faces": [43,0,3,2,1,0,0,0,0,0,0,1,2,3,0,0,0,0],
    "uvs": [[0.0,0.0],[7.483544322894886e-05,0.428251177072525,0.9999249577522278,0.42825108766555786,0.9999251961708069,0.9883687496185303,7.487187394872308e-05,0.9883691072463989]],
    "normals": [-0.43385112285614014,0.0,-0.9009674191474915],
    "vertices": [1.3894935846328735,0.6050290465354919,2.026777744293213,1.3894935846328735,1.521456003189087,2.026777744293213,-0.08440908789634705,1.5214557647705078,2.736523389816284,-0.08440908789634705,0.6050289869308472,2.736523389816284],
    "materials": [{
        "DbgName": "screen",
        "depthTest": true,
        "visible": true,
        "DbgIndex": 0,
        "wireframe": false,
        "transparent": false,
        "shading": "phong",
        "DbgColor": 15658734,
        "colorEmissive": [0.0,0.0,0.0],
        "opacity": 0.0,
        "depthWrite": true,
        "specularCoef": 50,
        "blending": "NormalBlending",
        "colorDiffuse": [0.6400000190734865,0.6400000190734865,0.6400000190734865],
        "colorAmbient": [0.6400000190734865,0.6400000190734865,0.6400000190734865],
        "colorSpecular": [0.5,0.5,0.5]
    }],
    "name": "Cube.000Geometry.3"
}